{
  "accuracy": 0.9172774869109948,
  "precision": 0.9130434782608695,
  "recall": 0.5419354838709678,
  "f1": 0.680161943319838,
  "confusion_matrix": [
    [
      792,
      8
    ],
    [
      71,
      84
    ]
  ],
  "n_samples": 955
}